Date,Location,Aboard,Fatalities
1/5/2000,"Abuja, Nigeria",16,1
1/10/2000,"Niederhasli, Switzerland",10,10
1/13/2000,"Off Marsa el-Brega, Libya",41,22
1/15/2000,"San Jose, Costa Rica",20,5
1/25/2000,"Near Ankara, Turkey",4,4
1/30/2000,"Off Abidjan, Ivory Coast",179,169
4/19/2000,"Pepa ,Congo",24,24
7/2/2000,"Off Cagayancillo, Philippines",15,14
1/31/2000,"Off Point Mugu, California",88,88
2/2/2000,"Tehran, Iran",8,8
2/5/2000,"Iliamna, Alaska",6,6
2/16/2000,"Sacramento, California",3,3
3/5/2000,"Burbank, Calilfornia",142,0
3/9/2000,"Moscow, Russia",9,9
3/17/2000,"Ennadai Lake, Canada",2,2
3/17/2000,"Near Kuna Yala, Panama",10,10
3/22/2000,"Herreira, Spain",,
3/24/2000,"Kadirana, Sri Lanka",8,6
3/25/2000,"Huambo, Angola",33,3
4/1/2000,"Near Gualeguaychu, Argentina",1,1
6/23/2000,"Boca Raton, Florida",3,3
4/19/2000,"Samal Island, Philippines",131,131
4/29/2000,"Bapi, Papua New Guinea",4,4
5/2/2000,"Lyon Satolas, France",5,2
5/3/2000,"Kurupung, Guyana",1,1
5/10/2000,"Kaunakakai, Hawaii",6,6
5/17/2000,"Moanda, Gabon",10,3
5/21/2000,"Near Wilkes-Barre, Pennsylvania",19,19
5/25/2000,"Near Manila, Philippines",298,1
5/25/2000,"Paris, France",2,1
5/31/2000,"Off Whyalla, Australia",8,8
6/5/2000,"Accra, Ghana",52,7
6/14/2000,"Liverpool, England",5,5
6/21/2000,"Cuiaba, Brazil",4,4
6/22/2000,"Shitai, China",44,44
6/27/2000,"Off Shimano, Japan",5,5
7/8/2000,"Near Villahermosa, Mexico",19,19
7/9/2000,"Villavicencio, Colombia",19,13
7/13/2000,"Raleigh, North Carolina",3,1
7/17/2000,"Patna, India",58,55
7/19/2000,"Linneus, Maine",2,2
7/20/2000,"Nassau, Bahamas",2,2
7/21/2000,"Maui, Hawaii",7,7
7/25/2000,"Gonesse, France",109,109
7/26/2000,"Mafraq, Jordan",13,13
7/27/2000,"Jodhura, Nepal",25,25
8/2/2000,"Cubatao, Brazil",6,6
8/6/2000,"Puerto Montt, Chile",14,14
8/9/2000,"Burlington Township, New Jersey",11,11
8/12/2000,"Near Tshikapa, Congo",27,27
8/14/2000,"Teslin Lake, British Columbia, Canada",2,2
8/15/2000,"Lumber City, Georgia",3,3
8/23/2000,"Off Manama, Bahrain",143,143
8/25/2000,"Hilo Bay, Hawaii",9,1
8/26/2000,"Near La Fortuna, Costa Rica",10,10
9/2/2000,"Mount Montezuma, Colombia",7,7
9/4/2000,"Near Burketown, Australia",8,8
9/16/2000,"Kumarapura, Sri Lanka",14,14
9/18/2000,"Nuiqsut, Alaska",10,5
10/6/2000,"Reynosa, Mexico",88,0
12/11/2000,"Near Sumacal, Beni, BO",6,6
10/8/2000,"Port Radium, Northwest Territories, Canada",3,3
10/9/2000,"Lummi Island, Washington",1,1
10/10/2000,"Wichita, Kansas",3,2
10/16/2000,"Hillsboro, Missouri",3,3
10/19/2000,"Near Sam Neua, Laos",17,8
10/25/2000,"Near Batumi, Republiof Georgia",86,86
10/31/2000,"Taipei, Taiwan",179,83
10/31/2000,"Near Monaquimbundo, Angola",44,44
11/7/2000,"Luabo, DemocratiRepubliCongo",11,2
11/9/2000,"Fort Wayne, Indiana",1,1
11/15/2000,"Near Luanda, Angola",57,57
11/20/2000,"Miami, Florida",114,1
11/25/2000,"Cordoba, Spain",2,1
1/14/2001,"Near Lake Point, Utah",9,9
1/23/2001,"Eider Point, Alaska",2,2
1/25/2001,"Ciudad Bolivar, Venezuela",24,24
1/27/2001,"Byers, Colorado",10,10
1/31/2001,"El Yopal, Colombia",6,3
2/8/2001,"Beaver Island, Minnesota",6,2
2/8/2001,"Nurnberg, Germany",3,3
2/10/2001,"Jakobkondre, Suriname",10,10
2/27/2001,"Near Granton Harbour, Scotland",2,2
3/2/2001,"Rio Azul Farm, Brazil",6,6
3/3/2001,"Bangkok, Thailand",5,1
3/3/2001,"Unadilla, Georgia",21,21
3/15/2001,"Medina, Saudi Arabia",174,3
3/17/2001,"Near Lubango, Angola",17,16
3/24/2001,"Gustavia, St. Barthélémy, French West Indies",19,19
3/26/2001,"Jadura, Indonesia",3,3
3/29/2001,"Near Aspen, Colorado",18,18
4/2/2001,"Ashbaubenon, Wisconsin",1,1
4/4/2001,"Adar Yeil, Sudan",30,14
4/7/2001,"Thanh Tranh Village, Vietnam",16,16
4/28/2001,"Near Roque Perez, Argentina",10,10
5/16/2001,"Malatya, Turkey",34,34
5/17/2001,"Mendoza, Argentina",5,5
5/17/2001,"Near Sari, Iran",30,30
5/22/2001,"Near Myakotino, Russia",7,7
6/15/2001,"Jayapura, Indonesia",19,1
7/4/2001,"Near Irkutsk, Russia",145,145
7/5/2001,"Off Chinhae, South Korea",12,8
7/12/2001,"Near Puerto Cabello, Venezuela",13,13
7/14/2001,"Near Moscow, Russia",10,10
7/30/2001,"Haines, Alaska",6,6
8/5/2001,"Reykjavík, Iceland",3,3
8/10/2001,"Near Meadview, Arizona",7,6
8/23/2001,"Mugogo, DemocratiRepubliCongo",11,4
8/24/2001,"Terceira, Azores",304,0
8/24/2001,"Ithaca, New York",2,2
8/25/2001,"Marsh Harbour, Bahamas",9,9
8/29/2001,"Near Malaga, Spain",47,4
9/11/2001,"Shanksville, Pennsylvania",44,44
9/11/2001,"Arlington, Virginia.",64,64
9/11/2001,"New York City, New York",92,92
9/11/2001,"New York City, New York",65,65
9/12/2001,"Near Chichen Itza, Mexico",19,19
9/15/2001,"Belo Horizonte, Brazil",82,1
9/18/2001,"Guatemala City, Guatemala",13,9
10/3/2001,"Decatur Island, Washington",3,3
10/4/2001,"110 miles SW of Sochi, Russia",78,78
10/8/2001,"Milan, Italy",114,114
10/8/2001,"Mollet Lake, Quebec, Canada",7,3
10/10/2001,"Dillingham, Alaska",10,10
10/10/2001,"Off Valencia, Spain",10,10
10/11/2001,"Shamattawa, Canada",3,2
10/13/2001,"Near Humiata, Brazil",6,3
10/18/2001,"Anchorage, Alaska",5,3
11/12/2001,"Belle Harbor, Queens, New York",260,260
11/19/2001,"Kalyazin, Russia",27,27
11/22/2001,"Pittsburgh, Pennsylvania",2,2
11/23/2001,"Palade, Estonia",17,2
11/24/2001,"Birchwil, Switzerland",33,24
11/27/2001,"Port Harcourt, Nigeria",13,1
11/28/2001,"San Jerónimo de Moravia , Costa Rica",8,3
12/1/2001,"Near Novaya Inya , Russia",18,18
12/1/2001,"Bessemer, Alabama",2,2
12/10/2001,"Sierra Blanca, Texas",2,2
12/14/2001,"Geti, DemocratiRepubliCongo",6,6
12/16/2001,"Near Medellin, Colombia",16,16
12/20/2001,"Zurich, Switzerland",2,2
12/26/2001,"Bremerhaven, Germany",9,8
1/1/2002,"Hollywood, Florida",5,5
1/4/2002,"Birmingham, England",5,5
1/9/2002,"Shamsi AFB, Pakistan",7,7
1/14/2002,"Bilbao, Spain",3,3
1/15/2002,"Chilpancingo, Mexico",17,5
1/16/2002,"Near Solo, Indonesia",62,1
1/17/2002,"Near La Bonita, Ecuador",26,26
1/19/2002,"Near Milford Sound, New Zealand",6,6
1/27/2002,"Near Luena, Angola",40,5
1/28/2002,"Near Ipiales, Colombia",92,92
2/2/2002,"Ellsworth AFB, South Dakota",2,2
2/12/2002,"Near Khorramabed, Iran",117,117
2/15/2002,"Monrovia, Liberia",10,1
2/21/2002,"Lakhta, Russia",20,17
2/22/2002,"Off Dumaguete, Philippines",10,10
3/9/2002,"Monte Rotondo, Italy",3,3
3/14/2002,"Near Placetas, Cuba",17,17
3/15/2002,"Alma, Wisconsin",1,1
3/17/2002,"Off Djibouti, Republiof Djibouti",4,4
4/1/2002,"Near Cairns, QLD, Australia",4,4
4/12/2002,"Palma de Mallorca, Spain",2,2
4/15/2002,"Busan, South Korea",166,128
4/18/2002,"Near Sweers Island, QLD, Australia",6,6
4/19/2002,"Popayán, Colombia",8,3
4/24/2002,"Near Olancho, Honduras",6,6
4/28/2002,"Near Abakan, Russia",20,8
5/4/2002,"Kano, Nigeria",77,74
5/7/2002,"Near Tunis, Tunisia",62,14
5/7/2002,"Off Dalian, China",112,112
5/21/2002,"Near Calabar, Nigeria",5,5
5/25/2002,"Off Penghu Island, Taiwan",225,225
5/25/2002,"Near Nabire, Indonesia",6,6
6/1/2002,"George, South Africa",3,3
6/2/2002,"Near Ndalatando, Angola",25,20
6/4/2002,"Oiapoque, Amapa, Brazil",5,5
6/11/2002,"Winnipeg, Manitoba",8,1
6/12/2002,"Near Gardez, Afghanistan",10,3
7/1/2002,"Uberlingen, Germany",71,71
7/4/2002,"San Dimas, California",2,2
7/4/2002,"Bangui, Central African Republic",27,25
7/12/2002,"Port Alsworth, Alaska",4,4
7/16/2002,"Near Long Barai, Indonesia",10,10
7/16/2002,"Off Cromer, Norfork, England",11,11
7/17/2002,"Surkhet, Nepal",4,4
7/27/2002,"Lviv, Ukraine",2,0
7/28/2002,"Moscow, Russia",16,14
8/7/2002,"Caguas, Puerto Rico",10,10
8/15/2002,"Kadjuduwa Watta, Sri Lanka",5,5
8/19/2002,"Khankala, Chechnya",147,121
8/22/2002,"Pokhara, Nepal",18,18
8/29/2002,"Near Ayan, Russia",16,16
8/30/2002,"Lexington, Kentucky",5,1
8/30/2002,"Rio Branco, Brazil",31,23
9/2/2002,"Near Xichang, China",3,3
9/4/2002,"High Prarie, Alberta, Canada",2,2
9/13/2002,"Pucallpa, Peru",6,6
9/14/2002,"Paranapanema, Sao Paulo, Brazil",2,2
9/28/2002,"Near Natashquan, Quebec, Canada",4,3
10/1/2002,"Vasco, India",12,12
10/7/2002,"Santa Cruz do Sul, Brazil",5,1
10/23/2002,"Spanish Fort, Alabama",1,1
10/25/2002,"Eveleth, Minnesota",8,8
11/6/2002,"Near Niederanven, Luxembourg",22,20
11/7/2002,"Tarakan, Indonesia",10,7
11/8/2002,"Taos, New Mexico",2,2
11/11/2002,"Manila, Philippines",34,19
11/28/2002,"Masai Mara Game Reserve, Kenya",20,1
12/9/2002,"Mena, Arkansas",3,3
12/13/2002,"Gohu Airstrip, Papua New Guinea",8,8
11/15/2003,"Mosul, Iraq",22,17
12/17/2002,"Rockford, Illinois",1,1
12/21/2002,"Off Pachao Tao, Taiwan",2,2
12/23/2002,"Near Isfanan, Iran",44,44
12/25/2002,"Off Manteo, North Carolina",1,1
12/26/2002,"Curitiba, Brazil",16,3
12/27/2002,"Anjouan, Comoros Islands",16,1
1/8/2003,"Diyarbakir, Turkey",80,75
1/8/2003,"Charlotte, North Carolina",21,21
1/9/2003,"Near Chachapoyas, Peru",46,46
1/17/2003,"Near Ndjolé, Gabon",7,7
1/24/2003,"Busia, Kenya",13,3
1/31/2003,"Baucau, East Timor",6,6
2/7/2003,"Near Agadir, Morocco",8,8
2/10/2003,"Tallinn, Estonia",3,2
2/16/2003,"Ferguson, Kentucky",7,3
2/19/2003,"Near Shahdad, Iran",275,275
2/20/2003,"Near Kohat, Pakistan",17,17
3/1/2003,"Near Barki, Russia",25,11
3/6/2003,"Tamanrasset, Algeria",103,102
3/27/2003,"Mulia, Indonesia",16,4
3/28/2003,"New Vienna, Iowa",3,3
5/8/2003,"Near Kinshasa, Congo",200,129
5/26/2003,"Near Macka, Turkey",75,75
5/28/2003,"Talkeetna, Alaska",4,4
6/1/2003,"Milan, Italy",2,2
6/4/2003,"Near Oiapoque,  Brazil",5,5
6/6/2003,"Christchurch, New Zealand",10,8
6/11/2003,"Belo Horizonte, Brazil",4,4
6/15/2003,"Volcano, Hawaii",4,4
6/22/2003,"Near Brest, France",24,1
6/25/2003,"Near Rudshour, Iran",7,7
6/25/2003,"Anchor Point, Alaska",3,3
6/26/2003,"Near Rooisand Desert Ranch, Namibia",4,4
6/30/2003,"Blida, Algeria",4,4
7/1/2003,"Belem, Para, Brazil",4,4
7/5/2003,"Macaé, Rio de Janeiro, Brazil",5,5
7/8/2003,"Port Sudan, Sudan",117,116
7/13/2003,"Off Treasure Cay, Bahamas",10,2
7/13/2003,"Near San Cristobal, Venezuela",10,4
7/19/2003,"Mount Kenya, Kenya",14,14
7/23/2003,"Waialeale,Kauai, Hawaii",5,5
8/4/2003,"Groton, Connecticut",2,2
8/8/2003,"Tocomita, Venezuela",16,1
8/20/2003,"Kamchatka Peninsula, Russia",20,20
8/24/2003,"Cap Haitien, Haiti",21,21
8/26/2003,"Off Hyannis, Massachusetts",2,2
9/11/2003,"Near Summer Beaver, Canada",8,8
9/19/2003,"Del Rio, Texas",2,1
9/19/2003,"Near La Quemada, Mexico",6,6
9/20/2003,"Near Meadview, Arizona",7,7
9/27/2003,"Gaspé, Quebec, Canada",3,3
10/3/2003,Sao Gabriel de Cachoeria,4,4
10/3/2003,"Off Waikanae, New Zealand",2,2
10/11/2003,"Uriman, Venezuela",2,1
10/26/2003,"Buenos Aires, Argentina",5,5
10/27/2003,"Tampico, Mexico",3,3
10/29/2003,"Cody, Wyoming",1,1
11/2/2003,"Near Hasi, Iraq",36,15
11/8/2003,"Near Ogle, Guyana",7,2
11/8/2003,"200 miles NE of Derby, Australia",4,4
11/29/2003,"Spokane, Washington",1,1
11/29/2003,"Boende, Congo",24,20
12/16/2003,"Jellicoe, Ontario, Canada",3,2
12/18/2003,"Mitu, Colombia",3,3
12/23/2003,"Helendale, California",2,2
12/25/2003,"Cotonou, Benin",161,140
1/3/2004,"Off Sharm el Sheikh, Egypt",148,148
1/13/2004,"Tashkent, Uzbekistan",37,37
1/17/2004,"Lake Erie, off Pelee Island, Ontario, Canada",10,10
1/28/2004,"Ghardaïa, Algeria",5,1
2/6/2004,"Bitonja, Bosnia-Herzegovina",9,9
2/10/2004,"Sharjah, United Arab Emirates",46,43
2/24/2004,"Cagliari, Italy",6,6
3/1/2004,"Trefoil Island, TAS, Australia",4,4
3/4/2004,,7,3
3/10/2004,"San Diego-Miramar NAS, California",4,4
7/12/2004,"Off Beef Island, British Virgin Islands",2,1
3/16/2004,"Tonopah, Nevada",5,5
3/18/2004,"Hamilton Island, QLD, Australia",6,6
3/21/2004,"Pyote, Texas",5,4
5/2/2004,"Near Milpillas, Mexico",7,7
5/4/2004,"Chimanta mountains, Venezuela",7,7
5/5/2004,"Carepa, Colombia",7,3
5/6/2004,"Jiech, Sudan",10,6
5/11/2004,"Dalang, Sudan",7,7
5/14/2004,"Near Manaus, Brazil",33,33
5/18/2004,"Bozoy, Kazakhstan",12,1
5/18/2004,"Urumqi, China",7,7
5/23/2004,"Mwingi, Kenya",2,2
5/25/2004,"Near Lukla, Nepal",3,3
6/8/2004,"Off Libreville, Gabon",30,19
6/11/2004,"Belo Horizonte, Brazil",4,4
6/28/2004,"Near Yengema, Sierra Leone",24,24
7/2/2004,"Panama City, Panama",6,6
7/10/2004,"Ticonderoga, New York",2,2
7/22/2004,"Off  Macaé , Rio de Janeiro , Brazil",11,6
7/29/2004,"Ononge, Papua New Guinea",3,2
8/13/2004,"Cincinnati, Ohio",2,1
8/17/2004,"Great Falls, Montana",2,2
8/18/2004,"Near Goma, DemocratiRepubliCongo",3,3
8/21/2004,"Near Maracay, Venezuela",25,25
8/24/2004,"Near Rostov-on-Don, Russia",46,46
8/24/2004,"Near Toula, Russia",41,41
8/27/2004,"Near MGrath, Alaska",3,1
9/9/2004,"Villahermosa, Mexico",2,2
9/11/2004,"Off Mount Athos, Greece",17,17
9/29/2004,"Tortuguero lagoon, Puerto Rico",1,1
10/5/2004,"Kaduqli, Sudan",4,4
11/22/2004,"Houston, Texas",3,3
11/27/2004,"Near Bagram, Afghanstan",6,6
10/14/2004,"Jefferson City, Missouri",2,2
10/14/2004,"Halifax, Nova Scotia, Canada",7,7
10/15/2004,"Near Medellin, Colombia",3,3
10/16/2004,"Coron Island, Philippines",2,2
10/19/2004,"Near Kirksville, Missouri",15,13
10/24/2004,"Martinsville, Virginia",10,10
10/24/2004,"San Diego, California",5,5
11/18/2004,"Caracas, Venezuela",21,3
11/21/2004,"Baotou, Inner Mongolia, China",53,53
11/28/2004,"Montrose, Colorado",6,3
11/30/2004,"Solo, Indonesia",154,26
11/30/2004,"Saint Louis, Missouri",2,2
12/6/2004,"Bellevue, Idaho",2,2
12/7/2004,"Near La Macarena, Colombia",6,6
12/10/2004,"El Junquito, Venezuela",16,16
12/11/2004,"Uberaba, Brazil",2,2
12/11/2004,"Near Jeddah, Saudi Arabia",7,1
1/13/2005,"Manguipayan, Colombia",20,20
1/13/2005,"Tura,Siberia, Russia",9,9
1/13/2005,"Keene, New Hampshire",1,1
1/26/2005,"Rutbah, Iraq",31,31
1/27/2005,"Lasi, Hungary",2,2
1/30/2005,"Near Al Taji, Iraq",10,10
2/3/2005,"Near Peshawar, Pakistan",104,104
2/3/2005,"Near Khartoum, Sudan",7,7
2/10/2005,"Lebec, California",2,2
2/16/2005,"Near Pueblo, Colorado",8,8
2/22/2005,"Bimin, Papua, New Guinea",13,2
2/22/2005,,18,15
3/8/2005,"Chrallave, Venezuela",2,2
3/15/2005,"Off Campbeltown, United Kingdom",2,2
3/16/2005,"Varandey, Russia",52,28
3/23/2005,"Off Mwanza, Tanzania",8,8
3/26/2005,"El Embrujo, Providencia Island, Colombia",14,8
3/31/2005,"Near Rovie, Albania",9,9
4/12/2005,"Enarotali, Indonesia",18,18
4/20/2005,"Tehran, Iran",169,3
4/28/2005,"Pisco, Peru",13,13
5/2/2005,"Taranaki, New Zealand",2,2
5/5/2005,"Near Kisangani, DemocratiRepubliCongo",11,10
5/7/2005,"Lockhart River, Queensland, Australia",15,15
5/16/2005,"El Portezulo, Argentina",10,10
5/18/2005,"Mongu, Zambia",13,13
5/25/2005,"Walungu, Congo",27,27
6/2/2005,"Khartoom, Sudan",42,7
7/16/2005,"Baney, Equatorial Guinea",60,60
8/2/2005,"Toronto, Canada",309,0
8/6/2005,"Off Palermo, Italy",39,16
8/10/2005,"Off Talinn, Estonia",14,14
8/14/2005,"Near Grammatikos, Greece",121,121
8/16/2005,"Near La Cucharita, Venezuela",160,160
8/23/2005,"Near Pucallpa, Peru",98,40
9/5/2005,"Isiro, DemoctratiRepubliCongo",11,11
9/5/2005,"Medan, Indonesia",117,99
9/9/2005,"Near Brazzaville, Congo",14,14
9/15/2005,"Alto da Boa Vista, Brazil",2,2
9/16/2005,"San Juan de Manapiare, Venezuela",4,4
9/23/2005,"Haena, Hawaii",6,4
10/4/2005,"Aru, DemocratiRepubliCogo",100,2
10/6/2005,"Winnipeg, Canada",1,1
10/22/2005,"Lisa, Nigeria",117,117
11/19/2005,"Stupino, Russia",8,8
12/6/2005,"Tehran, Iran",94,94
12/8/2005,"Chicago, Illinois",103,0
12/10/2005,"Near Port Harcourt, Nigeria",109,108
12/19/2005,"Off Miami Beach, Florida",20,20
12/23/2005,"Nardaran, Azerbaijan",23,23
11/17/2006,"Puncak Jaya, Indonesia",12,12
12/28/2005,"Truckee, California",2,2
1/2/2006,Near Karkov,3,3
1/8/2006,"Bukalaza, Uganda",6,6
1/9/2006,"Near Orumiyeh, Iran",11,11
1/19/2006,"Near Telkibanya, Hungary",43,42
1/21/2006,"Near Port Alberni, British Columbia, Canada",8,3
2/5/2006,"Near Watertown, Wisconson",3,3
2/8/2006,"Near Paris, Tennessee",1,1
3/7/2006,"Labiano, Spain",6,6
3/9/2006,"Near La Paz, Bolivia",6,6
3/18/2006,"Butte, Montana",2,2
3/24/2006,"Cuenca, Ecuador",14,5
3/31/2006,"Rio Bonito, Brazil",19,19
4/10/2006,"Marsabit, Kenya",17,14
4/23/2006,"Kousséri, Cameroon",6,6
4/23/2006,"Near Tersky, Russia",5,4
4/24/2006,"Lashkar Gah, Afghanistan",16,2
4/28/2006,"Peak Margarita, Uganda",3,3
5/3/2006,"Off Sochi, Russia",113,113
5/14/2006,"La Ronge, Saskatchewan",3,1
5/23/2006,Off São Tomé Island,4,4
6/2/2006,"Groton, Connecticut",5,2
6/3/2006,"Yaocun, China",40,40
6/8/2006,"Mullan, Idaho",2,2
6/11/2006,"Abéché, Chad",7,5
6/21/2006,"Jumla, Napal",9,9
6/30/2006,"Vilanculos, Mozambique",3,1
7/2/2006,"Hamburg, Germany",6,5
7/7/2006,"Sake, DemocratiRepubliCongo",5,5
7/9/2006,"Irkutsk, Russia",203,128
7/10/2006,"Multan, Pakistan",45,45
8/3/2006,"Bukavu, DemocratiRepubliCongo",17,17
11/18/2006,"Near Leticia, Colombia",5,5
8/4/2006,"Near Pownal, Vermont",1,1
8/13/2006,"Near Piacenza, Italy",3,3
8/22/2006,"Near Donetsk, Ukraine",170,170
8/27/2006,"Lexington, Kentucky",50,49
9/1/2006,"Mahad, Iran",148,29
9/2/2006,"Near Kandahar, Afghanistan",14,14
9/11/2006,"Vladikavkaz, Russia",15,12
9/17/2006,"Vandeikya, Nigeria",18,13
9/29/2006,"Near Sao Felix do Araguaia , Brazil",161,154
10/10/2006,"Stord, Norway",16,4
10/19/2006,"Tashkent, Russia",15,15
10/29/2006,"Near Abuja, Nigeria",105,96
11/27/2006,"Tehran, Iran",38,38
12/10/2006,"Cajon Pass, California",3,3
12/14/2006,"Near Port Heiden, Alaska",2,2
12/16/2006,"Mbeya, Tanzania",6,3
1/1/2007,"Off Parepare, Indonesia",102,102
1/5/2007,"Matabwe, Tanzania",10,1
1/9/2007,"Near Balad Air Base, Iraq",35,34
1/10/2007,"Zapotlanejo, Mexico",2,2
1/12/2007,"Van Nuys, California",2,2
1/20/2007,"Near Baghdad, Iraq",12,12
1/25/2007,"Pau, France",54,0
2/6/2007,"East Bay Cay, Turks & Caicos Islands",6,1
2/7/2007,"Belgrade, Montana",3,3
3/7/2007,"Yogyakarta, Indonesia",140,22
3/8/2007,"Princeville, Hawaii",7,4
3/11/2007,"Hanea, Kauai, Hawaii",5,1
3/14/2007,"Fazenda Nossa Senhora de Lourdes, Brazil",4,4
3/17/2007,"Samara, Russia",57,6
3/23/2007,"Mogadishu, Somalia",11,11
4/25/2007,"Near Kopinang, Guyana",5,3
4/27/2007,"Shatoi, Chechnya",18,18
5/5/2007,"Near Dizangue, Cameroon",114,114
5/6/2007,"Near El-Thamad, Egypt",9,9
5/17/2007,"Walikale Airstrip, Congo",3,3
5/24/2007,"Near Pampa Hermosa, Peru",20,13
6/3/2007,"Freetown, Sierra Leone",22,21
6/4/2007,"Near Milwaukee, Wisconson",6,6
6/13/2007,"Selenge province, Mongolia",22,15
6/16/2007,"Vungano Hills, Malawi",6,6
6/21/2007,"Near Kamina, Congo",25,1
6/25/2007,"Near Sihanoukville, Cambodia",22,22
6/28/2007,"M'Banza Congo, Angola",78,5
7/5/2007,"Culiacan, Mexico",3,3
7/5/2007,"Connemara, Ireland",9,2
7/8/2007,"Muncho Lake, British Columbia, Canada",5,1
7/17/2007,"Sao Paulo, Brazil",187,187
7/23/2007,"Near Shinile, Ethiopia",9,1
7/24/2007,"Rudyerd Bay, Alaska",5,5
7/29/2007,"Moscow, Russia",9,9
8/5/2007,"Near Ruidoso, New Mexico",5,5
8/9/2007,"Off Moorea, French Polynesia",20,20
8/16/2007,"Near Ketchikan, Alaska",10,6
8/22/2007,"Near Kirkuk, Iraq",14,14
8/22/2007,"Near Curitiba, Brazil",2,2
8/26/2007,"Kongolo, DemocratiRepubliCongo",15,14
9/7/2007,"Goma, DemocratiRepubliCongo",8,8
1/12/2008,"Blace, Macedonia",11,11
9/16/2007,"Phuket, Thailand",130,90
9/24/2007,"Malemba Nkulu, DR Congo",6,1
10/4/2007,"Kinshasa, DR Congo",22,21
10/4/2007,"Alamosa, Colorado",3,3
10/7/2007,"White Pass, Washington",10,10
10/8/2007,"Near Cubarral, Colombia",18,18
11/4/2007,"Sao Paulo, Brazil",2,2
11/8/2007,"Khartoum, Sudan",4,0
11/30/2007,"Near Isparta, Turkey",57,57
12/3/2007,"Off Whittier, Alaska",4,4
12/5/2007,"Columbus, Ohio",2,2
12/9/2007,"Kiev, Ukraine",5,5
1/4/2008,"Los Roques, Venezuela",18,18
1/5/2008,"Kodiak, Alaska",10,6
1/14/2008,"Off Lihu, Hawaii",1,1
1/17/2008,"London, England",152,0
1/19/2008,"Near Huambo, Angola",13,13
1/23/2008,"Miroslawiec, Poland",20,20
1/26/2008,"Near Malinau, Indonesia",3,3
2/21/2008,"Merida, Venezuela",46,46
2/26/2008,"Off Macae , Rio de Janeiro , Brazil",20,5
3/3/2008,"Near Bethani, Nepal",10,10
3/15/2008,"Nbagu, Nigeria",3,3
4/3/2008,"Lawa, Suriname",19,19
4/9/2008,"Bundeena, Australia",1,1
4/11/2008,"Chrisinau, Moldova",8,8
4/15/2008,"Goma, Congo",85,0
4/16/2008,"Off Annobon Island, Equatorial Guinea",13,13
4/28/2008,"Off Crimea, Black Sea",20,20
5/2/2008,"Near Rumbek, Sudan",24,24
5/17/2008,"Stehekin, Washington",5,2
5/23/2008,"Billings, Montana",1,1
5/24/2008,"Two Harbors, Catalina Island, California",6,4
5/26/2008,"Near Chelyabinsk, Russia",9,9
5/29/2008,"Panama City, Panama",12,11
5/30/2008,"Tegucigalpa, Honduras",136,3
6/7/2008,"Yeco, Chile",10,10
6/8/2008,"Huntsville, Texas",4,4
6/10/2008,"Khartoum, Sudan",214,32
6/18/2008,"Hyannis, Massachusetts",1,1
6/20/2008,"Bannang Sata, Thailand",10,10
6/26/2008,"Near Salak Mountain, Indonesia",18,18
6/27/2008,"Near Malakal, Sudan",8,7
6/29/2008,"Flagstaff, Arizona",7,6
6/30/2008,"Near Khartoum, Sudan",4,4
7/6/2008,"Saltillo, Mexico",2,1
7/7/2008,"Near Bogota, Colombia",8,0
7/10/2008,"Puerto Montt, Chile",9,9
7/31/2008,"Owatonna, Minnesota",8,8
8/3/2008,"North Vancouver Island, British Colombia, Canada",7,5
8/5/2008,"Near Junction City, California",13,9
8/6/2008,"Sunat Tanon, Thailand",10,10
8/13/2008,"K-50 Airport, Somalia",3,3
8/20/2008,"Madrid, Spain",172,154
8/24/2008,"Near Cabañas, Guatemala",14,11
8/24/2008,"Bishkek, Kyrgyzstan",90,68
8/30/2008,"Near Toacaso, Ecuador",3,3
9/1/2008,"Near Bukavu, Congo",17,17
9/1/2008,"Columbus, Ohio",3,3
9/3/2008,"Off Dubai, United Arab Emirates",7,7
9/14/2008,"Perm, Russia",88,88
9/19/2008,"Columbia, South Carolina",6,4
9/27/2008,"Camp Springs, Maryland",5,4
10/8/2008,"Lukla, Nepal",19,18
10/15/2008,"Aurora, Illinois",4,4
11/4/2008,"Mexico City, Mexico",8,8
11/8/2008,"Between Kibo & Mawenzi Peaks of Mt. Kilimanjaroi, Tanzania",5,4
11/13/2008,"Fallujah, Iraq",7,7
11/16/2008,"Thormanby Island, British Columbia, Canada",8,7
11/27/2008,"Off Perpignan, France",7,7
12/3/2008,"San Juan, Puerto Rico",3,3
12/11/2008,"Off Sabine Pass, Texas",3,3
12/15/2008,Off Turks and Caicos Islands,12,12
1/4/2009,Near Houma Louisiana,9,8
1/15/2009,"New York, New York",155,0
2/7/2009,"Manacapuru, Brazil",28,24
2/7/2009,"Trigoria, Italy",2,2
2/12/2009,"Clarence Center, New York",49,49
2/15/2009,"Chanco, Chile",13,13
2/20/2009,"Luxor, Egypt",5,5
2/25/2009,"Amsterdam, Netherlands",134,9
3/9/2009,"Lake Victoria, Uganda",11,11
3/12/2009,"Off St. Johns, Newfoundland",18,17
3/22/2009,"Butte, Montana",14,14
3/23/2009,"Tokyo, Japan",2,2
4/1/2009,"Off Crimond, Scotland",16,16
4/6/2009,"Bandung, Indonesia",24,24
4/9/2009,"Near Wamena, Indonesia",6,6
4/17/2009,"Mount Gergaji, Indonesia",11,11
4/17/2009,"Canaima National Park, Venezuela",11,1
4/29/2009,"Massamba, DemocratiRepubliof Congo",7,7
5/3/2009,"Near El Alto de Rubio, Venezuela",18,18
5/20/2009,"Near Madiun, Indonesia",112,98
5/26/2009,"Near Isiro, DemocratiRepubliCongo",4,4
6/1/2009,"AtlantiOcean, 570 miles northeast of Natal, Brazil",228,228
6/7/2009,"Near Port Hope Simpson, Newfoundland, Canada",1,1
6/8/2009,"State of Arunachal Pradesh, India",13,13
